"","date","county","state","fips","cases","deaths"
"1",2020-03-01,"Hillsborough","Florida","12057",99999,0
"2",2020-03-01,"Manatee","Florida","12081",1,0
"3",2020-03-02,"Hillsborough","Florida","12057",1,0
"4",2020-03-02,"Manatee","Florida","12081",1,0
"5",2020-03-03,"Hillsborough","Florida","12057",2,0
"6",2020-03-03,"Manatee","Florida","12081",1,0
"7",2020-03-04,"Hillsborough","Florida","12057",2,0
"8",2020-03-04,"Manatee","Florida","12081",1,0
"9",2020-03-05,"Hillsborough","Florida","12057",2,0
"10",2020-03-05,"Manatee","Florida","12081",1,0
"11",2020-03-05,"Santa Rosa","Florida","12113",1,0
"12",2020-03-06,"Broward","Florida","12011",2,0
"13",2020-03-06,"Hillsborough","Florida","12057",2,0
"14",2020-03-06,"Lee","Florida","12071",1,1
"15",2020-03-06,"Manatee","Florida","12081",1,0
"16",2020-03-06,"Santa Rosa","Florida","12113",1,1
"17",2020-03-07,"Broward","Florida","12011",2,0
"18",2020-03-07,"Charlotte","Florida","12015",1,0
"19",2020-03-07,"Hillsborough","Florida","12057",2,0
"20",2020-03-07,"Lee","Florida","12071",2,1
"21",2020-03-07,"Manatee","Florida","12081",2,0
"22",2020-03-07,"Okaloosa","Florida","12091",1,0
"23",2020-03-07,"Santa Rosa","Florida","12113",1,1
"24",2020-03-07,"Volusia","Florida","12127",1,0
"25",2020-03-08,"Broward","Florida","12011",3,0
"26",2020-03-08,"Charlotte","Florida","12015",1,0
"27",2020-03-08,"Hillsborough","Florida","12057",2,0
"28",2020-03-08,"Lee","Florida","12071",2,1
"29",2020-03-08,"Manatee","Florida","12081",2,0
"30",2020-03-08,"Okaloosa","Florida","12091",1,0
"31",2020-03-08,"Santa Rosa","Florida","12113",1,1
"32",2020-03-08,"Volusia","Florida","12127",1,0
"33",2020-03-09,"Broward","Florida","12011",3,0
"34",2020-03-09,"Charlotte","Florida","12015",1,0
"35",2020-03-09,"Hillsborough","Florida","12057",2,0
"36",2020-03-09,"Lee","Florida","12071",2,1
"37",2020-03-09,"Manatee","Florida","12081",2,0
"38",2020-03-09,"Okaloosa","Florida","12091",1,0
"39",2020-03-09,"Santa Rosa","Florida","12113",1,1
"40",2020-03-09,"Volusia","Florida","12127",2,0
"41",2020-03-10,"Alachua","Florida","12001",1,0
"42",2020-03-10,"Broward","Florida","12011",4,0
"43",2020-03-10,"Charlotte","Florida","12015",1,0
"44",2020-03-10,"Collier","Florida","12021",3,0
"45",2020-03-10,"Hillsborough","Florida","12057",2,0
"46",2020-03-10,"Lee","Florida","12071",2,1
"47",2020-03-10,"Manatee","Florida","12081",2,0
"48",2020-03-10,"Nassau","Florida","12089",1,0
"49",2020-03-10,"Okaloosa","Florida","12091",1,0
"50",2020-03-10,"Pasco","Florida","12101",1,0
"51",2020-03-10,"Pinellas","Florida","12103",2,0
"52",2020-03-10,"Santa Rosa","Florida","12113",1,1
"53",2020-03-10,"Volusia","Florida","12127",2,0
"54",2020-03-11,"Alachua","Florida","12001",1,0
"55",2020-03-11,"Broward","Florida","12011",5,0
"56",2020-03-11,"Charlotte","Florida","12015",1,0
"57",2020-03-11,"Collier","Florida","12021",3,0
"58",2020-03-11,"Hillsborough","Florida","12057",2,0
"59",2020-03-11,"Lee","Florida","12071",2,1
"60",2020-03-11,"Manatee","Florida","12081",2,0
"61",2020-03-11,"Miami-Dade","Florida","12086",1,0
"62",2020-03-11,"Nassau","Florida","12089",1,0
"63",2020-03-11,"Okaloosa","Florida","12091",1,0
"64",2020-03-11,"Pasco","Florida","12101",1,0
"65",2020-03-11,"Pinellas","Florida","12103",2,0
"66",2020-03-11,"Santa Rosa","Florida","12113",1,1
"67",2020-03-11,"St. Johns","Florida","12109",1,0
"68",2020-03-11,"Volusia","Florida","12127",2,0
"69",2020-03-12,"Alachua","Florida","12001",2,0
"70",2020-03-12,"Broward","Florida","12011",12,0
"71",2020-03-12,"Charlotte","Florida","12015",1,0
"72",2020-03-12,"Clay","Florida","12019",1,0
"73",2020-03-12,"Collier","Florida","12021",3,0
"74",2020-03-12,"Duval","Florida","12031",1,0
"75",2020-03-12,"Hillsborough","Florida","12057",3,0
"76",2020-03-12,"Lee","Florida","12071",4,1
"77",2020-03-12,"Manatee","Florida","12081",2,0
"78",2020-03-12,"Miami-Dade","Florida","12086",2,0
"79",2020-03-12,"Nassau","Florida","12089",1,0
"80",2020-03-12,"Okaloosa","Florida","12091",1,0
"81",2020-03-12,"Palm Beach","Florida","12099",2,0
"82",2020-03-12,"Pasco","Florida","12101",1,0
"83",2020-03-12,"Pinellas","Florida","12103",2,0
"84",2020-03-12,"Santa Rosa","Florida","12113",1,1
"85",2020-03-12,"Sarasota","Florida","12115",2,0
"86",2020-03-12,"Seminole","Florida","12117",1,0
"87",2020-03-12,"St. Johns","Florida","12109",1,0
"88",2020-03-12,"Volusia","Florida","12127",3,0
"89",2020-03-13,"Alachua","Florida","12001",3,0
"90",2020-03-13,"Broward","Florida","12011",21,0
"91",2020-03-13,"Charlotte","Florida","12015",1,0
"92",2020-03-13,"Clay","Florida","12019",1,0
"93",2020-03-13,"Collier","Florida","12021",3,0
"94",2020-03-13,"Duval","Florida","12031",1,0
"95",2020-03-13,"Hillsborough","Florida","12057",3,0
"96",2020-03-13,"Lee","Florida","12071",4,1
"97",2020-03-13,"Manatee","Florida","12081",4,0
"98",2020-03-13,"Miami-Dade","Florida","12086",8,0
"99",2020-03-13,"Nassau","Florida","12089",1,0
"100",2020-03-13,"Okaloosa","Florida","12091",1,0
"101",2020-03-13,"Orange","Florida","12095",1,0
"102",2020-03-13,"Osceola","Florida","12097",1,0
"103",2020-03-13,"Palm Beach","Florida","12099",5,0
"104",2020-03-13,"Pasco","Florida","12101",1,0
"105",2020-03-13,"Pinellas","Florida","12103",2,0
"106",2020-03-13,"Santa Rosa","Florida","12113",1,1
"107",2020-03-13,"Sarasota","Florida","12115",2,0
"108",2020-03-13,"Seminole","Florida","12117",1,0
"109",2020-03-13,"St. Johns","Florida","12109",1,0
"110",2020-03-13,"Volusia","Florida","12127",4,0
"111",2020-03-14,"Alachua","Florida","12001",3,0
"112",2020-03-14,"Broward","Florida","12011",21,0
"113",2020-03-14,"Charlotte","Florida","12015",1,0
"114",2020-03-14,"Clay","Florida","12019",1,0
"115",2020-03-14,"Collier","Florida","12021",3,0
"116",2020-03-14,"Duval","Florida","12031",1,0
"117",2020-03-14,"Hillsborough","Florida","12057",3,0
"118",2020-03-14,"Lee","Florida","12071",4,2
"119",2020-03-14,"Manatee","Florida","12081",4,0
"120",2020-03-14,"Miami-Dade","Florida","12086",8,0
"121",2020-03-14,"Nassau","Florida","12089",1,0
"122",2020-03-14,"Okaloosa","Florida","12091",1,0
"123",2020-03-14,"Orange","Florida","12095",1,0
"124",2020-03-14,"Osceola","Florida","12097",1,0
"125",2020-03-14,"Palm Beach","Florida","12099",5,0
"126",2020-03-14,"Pasco","Florida","12101",1,0
"127",2020-03-14,"Pinellas","Florida","12103",2,0
"128",2020-03-14,"Santa Rosa","Florida","12113",1,1
"129",2020-03-14,"Sarasota","Florida","12115",2,0
"130",2020-03-14,"Seminole","Florida","12117",1,0
"131",2020-03-14,"St. Johns","Florida","12109",1,0
"132",2020-03-14,"Volusia","Florida","12127",4,0
"133",2020-03-15,"Alachua","Florida","12001",4,0
"134",2020-03-15,"Baker","Florida","12003",1,0
"135",2020-03-15,"Broward","Florida","12011",37,0
"136",2020-03-15,"Charlotte","Florida","12015",1,0
"137",2020-03-15,"Citrus","Florida","12017",1,0
"138",2020-03-15,"Clay","Florida","12019",3,0
"139",2020-03-15,"Collier","Florida","12021",5,0
"140",2020-03-15,"Duval","Florida","12031",4,0
"141",2020-03-15,"Hillsborough","Florida","12057",6,0
"142",2020-03-15,"Lee","Florida","12071",5,2
"143",2020-03-15,"Manatee","Florida","12081",4,0
"144",2020-03-15,"Miami-Dade","Florida","12086",13,0
"145",2020-03-15,"Nassau","Florida","12089",1,0
"146",2020-03-15,"Okaloosa","Florida","12091",1,0
"147",2020-03-15,"Orange","Florida","12095",2,0
"148",2020-03-15,"Osceola","Florida","12097",1,0
"149",2020-03-15,"Palm Beach","Florida","12099",5,0
"150",2020-03-15,"Pasco","Florida","12101",2,0
"151",2020-03-15,"Pinellas","Florida","12103",2,0
"152",2020-03-15,"Santa Rosa","Florida","12113",1,1
"153",2020-03-15,"Sarasota","Florida","12115",2,0
"154",2020-03-15,"Seminole","Florida","12117",1,0
"155",2020-03-15,"St. Johns","Florida","12109",2,0
"156",2020-03-15,"Volusia","Florida","12127",5,0
"157",2020-03-16,"Alachua","Florida","12001",4,0
"158",2020-03-16,"Baker","Florida","12003",1,0
"159",2020-03-16,"Broward","Florida","12011",39,0
"160",2020-03-16,"Charlotte","Florida","12015",1,0
"161",2020-03-16,"Citrus","Florida","12017",1,0
"162",2020-03-16,"Clay","Florida","12019",3,0
"163",2020-03-16,"Collier","Florida","12021",6,0
"164",2020-03-16,"Duval","Florida","12031",5,0
"165",2020-03-16,"Escambia","Florida","12033",1,0
"166",2020-03-16,"Hillsborough","Florida","12057",6,0
"167",2020-03-16,"Lake","Florida","12069",1,0
"168",2020-03-16,"Lee","Florida","12071",5,2
"169",2020-03-16,"Manatee","Florida","12081",5,0
"170",2020-03-16,"Miami-Dade","Florida","12086",23,0
"171",2020-03-16,"Nassau","Florida","12089",1,0
"172",2020-03-16,"Okaloosa","Florida","12091",1,0
"173",2020-03-16,"Orange","Florida","12095",4,1
"174",2020-03-16,"Osceola","Florida","12097",4,0
"175",2020-03-16,"Palm Beach","Florida","12099",7,0
"176",2020-03-16,"Pasco","Florida","12101",2,0
"177",2020-03-16,"Pinellas","Florida","12103",4,0
"178",2020-03-16,"Santa Rosa","Florida","12113",1,1
"179",2020-03-16,"Sarasota","Florida","12115",3,0
"180",2020-03-16,"Seminole","Florida","12117",4,0
"181",2020-03-16,"St. Johns","Florida","12109",2,0
"182",2020-03-16,"Volusia","Florida","12127",7,0
"183",2020-03-17,"Alachua","Florida","12001",6,0
"184",2020-03-17,"Baker","Florida","12003",1,0
"185",2020-03-17,"Brevard","Florida","12009",1,0
"186",2020-03-17,"Broward","Florida","12011",55,1
"187",2020-03-17,"Charlotte","Florida","12015",1,0
"188",2020-03-17,"Citrus","Florida","12017",2,0
"189",2020-03-17,"Clay","Florida","12019",4,0
"190",2020-03-17,"Collier","Florida","12021",7,0
"191",2020-03-17,"Duval","Florida","12031",10,0
"192",2020-03-17,"Escambia","Florida","12033",1,0
"193",2020-03-17,"Hillsborough","Florida","12057",9,0
"194",2020-03-17,"Lake","Florida","12069",1,0
"195",2020-03-17,"Lee","Florida","12071",7,2
"196",2020-03-17,"Manatee","Florida","12081",7,1
"197",2020-03-17,"Miami-Dade","Florida","12086",43,0
"198",2020-03-17,"Nassau","Florida","12089",1,0
"199",2020-03-17,"Okaloosa","Florida","12091",2,0
"200",2020-03-17,"Orange","Florida","12095",6,1
"201",2020-03-17,"Osceola","Florida","12097",7,0
"202",2020-03-17,"Palm Beach","Florida","12099",11,0
"203",2020-03-17,"Pasco","Florida","12101",2,0
"204",2020-03-17,"Pinellas","Florida","12103",4,0
"205",2020-03-17,"Polk","Florida","12105",1,0
"206",2020-03-17,"Santa Rosa","Florida","12113",1,1
"207",2020-03-17,"Sarasota","Florida","12115",4,0
"208",2020-03-17,"Seminole","Florida","12117",4,0
"209",2020-03-17,"St. Johns","Florida","12109",3,0
"210",2020-03-17,"Volusia","Florida","12127",9,0
"211",2020-03-18,"Alachua","Florida","12001",7,0
"212",2020-03-18,"Baker","Florida","12003",1,0
"213",2020-03-18,"Brevard","Florida","12009",2,0
"214",2020-03-18,"Broward","Florida","12011",80,1
"215",2020-03-18,"Charlotte","Florida","12015",1,0
"216",2020-03-18,"Citrus","Florida","12017",3,0
"217",2020-03-18,"Clay","Florida","12019",4,1
"218",2020-03-18,"Collier","Florida","12021",13,0
"219",2020-03-18,"Duval","Florida","12031",14,0
"220",2020-03-18,"Escambia","Florida","12033",1,0
"221",2020-03-18,"Hillsborough","Florida","12057",14,0
"222",2020-03-18,"Lake","Florida","12069",2,0
"223",2020-03-18,"Lee","Florida","12071",11,2
"224",2020-03-18,"Leon","Florida","12073",1,0
"225",2020-03-18,"Manatee","Florida","12081",8,1
"226",2020-03-18,"Miami-Dade","Florida","12086",77,0
"227",2020-03-18,"Nassau","Florida","12089",1,0
"228",2020-03-18,"Okaloosa","Florida","12091",3,0
"229",2020-03-18,"Orange","Florida","12095",11,1
"230",2020-03-18,"Osceola","Florida","12097",8,0
"231",2020-03-18,"Palm Beach","Florida","12099",20,0
"232",2020-03-18,"Pasco","Florida","12101",3,0
"233",2020-03-18,"Pinellas","Florida","12103",12,0
"234",2020-03-18,"Polk","Florida","12105",2,0
"235",2020-03-18,"Santa Rosa","Florida","12113",1,1
"236",2020-03-18,"Sarasota","Florida","12115",4,0
"237",2020-03-18,"Seminole","Florida","12117",7,0
"238",2020-03-18,"St. Johns","Florida","12109",4,0
"239",2020-03-18,"Sumter","Florida","12119",1,0
"240",2020-03-18,"Volusia","Florida","12127",9,0
"241",2020-03-18,"Walton","Florida","12131",1,0
"242",2020-03-19,"Alachua","Florida","12001",11,0
"243",2020-03-19,"Baker","Florida","12003",1,0
"244",2020-03-19,"Brevard","Florida","12009",3,0
"245",2020-03-19,"Broward","Florida","12011",96,1
"246",2020-03-19,"Charlotte","Florida","12015",1,0
"247",2020-03-19,"Citrus","Florida","12017",3,0
"248",2020-03-19,"Clay","Florida","12019",4,1
"249",2020-03-19,"Collier","Florida","12021",18,0
"250",2020-03-19,"Duval","Florida","12031",15,1
"251",2020-03-19,"Escambia","Florida","12033",1,0
"252",2020-03-19,"Hernando","Florida","12053",4,0
"253",2020-03-19,"Hillsborough","Florida","12057",20,0
"254",2020-03-19,"Indian River","Florida","12061",1,0
"255",2020-03-19,"Jackson","Florida","12063",1,0
"256",2020-03-19,"Lake","Florida","12069",3,0
"257",2020-03-19,"Lee","Florida","12071",11,2
"258",2020-03-19,"Leon","Florida","12073",3,0
"259",2020-03-19,"Manatee","Florida","12081",9,1
"260",2020-03-19,"Martin","Florida","12085",1,0
"261",2020-03-19,"Miami-Dade","Florida","12086",101,0
"262",2020-03-19,"Nassau","Florida","12089",1,0
"263",2020-03-19,"Okaloosa","Florida","12091",5,0
"264",2020-03-19,"Orange","Florida","12095",19,1
"265",2020-03-19,"Osceola","Florida","12097",13,0
"266",2020-03-19,"Palm Beach","Florida","12099",28,0
"267",2020-03-19,"Pasco","Florida","12101",5,0
"268",2020-03-19,"Pinellas","Florida","12103",16,0
"269",2020-03-19,"Polk","Florida","12105",4,0
"270",2020-03-19,"Santa Rosa","Florida","12113",1,1
"271",2020-03-19,"Sarasota","Florida","12115",6,0
"272",2020-03-19,"Seminole","Florida","12117",13,0
"273",2020-03-19,"St. Johns","Florida","12109",4,0
"274",2020-03-19,"Sumter","Florida","12119",2,0
"275",2020-03-19,"Volusia","Florida","12127",9,0
"276",2020-03-19,"Walton","Florida","12131",1,0
"277",2020-03-20,"Alachua","Florida","12001",15,0
"278",2020-03-20,"Baker","Florida","12003",1,0
"279",2020-03-20,"Brevard","Florida","12009",4,0
"280",2020-03-20,"Broward","Florida","12011",128,2
"281",2020-03-20,"Charlotte","Florida","12015",2,0
"282",2020-03-20,"Citrus","Florida","12017",3,0
"283",2020-03-20,"Clay","Florida","12019",4,1
"284",2020-03-20,"Collier","Florida","12021",25,0
"285",2020-03-20,"Duval","Florida","12031",17,1
"286",2020-03-20,"Escambia","Florida","12033",1,0
"287",2020-03-20,"Hernando","Florida","12053",4,0
"288",2020-03-20,"Hillsborough","Florida","12057",32,0
"289",2020-03-20,"Indian River","Florida","12061",3,0
"290",2020-03-20,"Jackson","Florida","12063",1,0
"291",2020-03-20,"Lake","Florida","12069",3,0
"292",2020-03-20,"Lee","Florida","12071",14,2
"293",2020-03-20,"Leon","Florida","12073",4,0
"294",2020-03-20,"Manatee","Florida","12081",10,1
"295",2020-03-20,"Martin","Florida","12085",1,0
"296",2020-03-20,"Miami-Dade","Florida","12086",124,0
"297",2020-03-20,"Monroe","Florida","12087",1,0
"298",2020-03-20,"Nassau","Florida","12089",1,0
"299",2020-03-20,"Okaloosa","Florida","12091",7,0
"300",2020-03-20,"Orange","Florida","12095",23,1
"301",2020-03-20,"Osceola","Florida","12097",13,0
"302",2020-03-20,"Palm Beach","Florida","12099",41,0
"303",2020-03-20,"Pasco","Florida","12101",6,0
"304",2020-03-20,"Pinellas","Florida","12103",22,0
"305",2020-03-20,"Polk","Florida","12105",9,0
"306",2020-03-20,"Santa Rosa","Florida","12113",2,1
"307",2020-03-20,"Sarasota","Florida","12115",8,0
"308",2020-03-20,"Seminole","Florida","12117",13,0
"309",2020-03-20,"St. Johns","Florida","12109",7,0
"310",2020-03-20,"Sumter","Florida","12119",2,0
"311",2020-03-20,"Volusia","Florida","12127",10,0
"312",2020-03-20,"Walton","Florida","12131",3,0
"313",2020-03-21,"Alachua","Florida","12001",25,0
"314",2020-03-21,"Baker","Florida","12003",1,0
"315",2020-03-21,"Bay","Florida","12005",1,0
"316",2020-03-21,"Brevard","Florida","12009",5,0
"317",2020-03-21,"Broward","Florida","12011",164,3
"318",2020-03-21,"Charlotte","Florida","12015",2,0
"319",2020-03-21,"Citrus","Florida","12017",8,0
"320",2020-03-21,"Clay","Florida","12019",6,1
"321",2020-03-21,"Collier","Florida","12021",28,0
"322",2020-03-21,"Duval","Florida","12031",25,2
"323",2020-03-21,"Escambia","Florida","12033",1,0
"324",2020-03-21,"Hernando","Florida","12053",5,0
"325",2020-03-21,"Highlands","Florida","12055",1,0
"326",2020-03-21,"Hillsborough","Florida","12057",47,0
"327",2020-03-21,"Indian River","Florida","12061",5,0
"328",2020-03-21,"Jackson","Florida","12063",1,0
"329",2020-03-21,"Lake","Florida","12069",6,0
"330",2020-03-21,"Lee","Florida","12071",17,2
"331",2020-03-21,"Leon","Florida","12073",4,0
"332",2020-03-21,"Manatee","Florida","12081",13,1
"333",2020-03-21,"Marion","Florida","12083",2,0
"334",2020-03-21,"Martin","Florida","12085",1,0
"335",2020-03-21,"Miami-Dade","Florida","12086",170,0
"336",2020-03-21,"Monroe","Florida","12087",1,0
"337",2020-03-21,"Nassau","Florida","12089",1,0
"338",2020-03-21,"Okaloosa","Florida","12091",12,0
"339",2020-03-21,"Orange","Florida","12095",29,1
"340",2020-03-21,"Osceola","Florida","12097",21,0
"341",2020-03-21,"Palm Beach","Florida","12099",56,0
"342",2020-03-21,"Pasco","Florida","12101",8,0
"343",2020-03-21,"Pinellas","Florida","12103",29,0
"344",2020-03-21,"Polk","Florida","12105",10,0
"345",2020-03-21,"Putnam","Florida","12107",1,0
"346",2020-03-21,"Santa Rosa","Florida","12113",2,1
"347",2020-03-21,"Sarasota","Florida","12115",14,0
"348",2020-03-21,"Seminole","Florida","12117",13,0
"349",2020-03-21,"St. Johns","Florida","12109",9,0
"350",2020-03-21,"St. Lucie","Florida","12111",1,0
"351",2020-03-21,"Sumter","Florida","12119",4,0
"352",2020-03-21,"Volusia","Florida","12127",11,0
"353",2020-03-21,"Walton","Florida","12131",4,0
"354",2020-03-22,"Alachua","Florida","12001",35,0
"355",2020-03-22,"Baker","Florida","12003",2,0
"356",2020-03-22,"Bay","Florida","12005",1,0
"357",2020-03-22,"Bradford","Florida","12007",1,0
"358",2020-03-22,"Brevard","Florida","12009",7,0
"359",2020-03-22,"Broward","Florida","12011",217,3
"360",2020-03-22,"Charlotte","Florida","12015",2,0
"361",2020-03-22,"Citrus","Florida","12017",8,0
"362",2020-03-22,"Clay","Florida","12019",7,1
"363",2020-03-22,"Collier","Florida","12021",33,0
"364",2020-03-22,"Columbia","Florida","12023",2,0
"365",2020-03-22,"DeSoto","Florida","12027",1,0
"366",2020-03-22,"Duval","Florida","12031",39,2
"367",2020-03-22,"Escambia","Florida","12033",4,0
"368",2020-03-22,"Flagler","Florida","12035",1,0
"369",2020-03-22,"Hernando","Florida","12053",5,0
"370",2020-03-22,"Highlands","Florida","12055",1,0
"371",2020-03-22,"Hillsborough","Florida","12057",58,0
"372",2020-03-22,"Indian River","Florida","12061",8,0
"373",2020-03-22,"Jackson","Florida","12063",1,0
"374",2020-03-22,"Lake","Florida","12069",6,0
"375",2020-03-22,"Lee","Florida","12071",26,2
"376",2020-03-22,"Leon","Florida","12073",4,0
"377",2020-03-22,"Manatee","Florida","12081",13,1
"378",2020-03-22,"Marion","Florida","12083",3,0
"379",2020-03-22,"Martin","Florida","12085",2,0
"380",2020-03-22,"Miami-Dade","Florida","12086",228,0
"381",2020-03-22,"Monroe","Florida","12087",1,0
"382",2020-03-22,"Nassau","Florida","12089",1,0
"383",2020-03-22,"Okaloosa","Florida","12091",13,0
"384",2020-03-22,"Orange","Florida","12095",32,1
"385",2020-03-22,"Osceola","Florida","12097",24,0
"386",2020-03-22,"Palm Beach","Florida","12099",70,1
"387",2020-03-22,"Pasco","Florida","12101",11,1
"388",2020-03-22,"Pinellas","Florida","12103",38,0
"389",2020-03-22,"Polk","Florida","12105",11,0
"390",2020-03-22,"Putnam","Florida","12107",2,0
"391",2020-03-22,"Santa Rosa","Florida","12113",3,1
"392",2020-03-22,"Sarasota","Florida","12115",17,0
"393",2020-03-22,"Seminole","Florida","12117",19,0
"394",2020-03-22,"St. Johns","Florida","12109",16,0
"395",2020-03-22,"St. Lucie","Florida","12111",3,0
"396",2020-03-22,"Sumter","Florida","12119",5,0
"397",2020-03-22,"Volusia","Florida","12127",14,0
"398",2020-03-22,"Walton","Florida","12131",4,0
"399",2020-03-23,"Alachua","Florida","12001",37,0
"400",2020-03-23,"Baker","Florida","12003",3,0
"401",2020-03-23,"Bay","Florida","12005",1,0
"402",2020-03-23,"Bradford","Florida","12007",1,0
"403",2020-03-23,"Brevard","Florida","12009",7,0
"404",2020-03-23,"Broward","Florida","12011",262,3
"405",2020-03-23,"Charlotte","Florida","12015",3,0
"406",2020-03-23,"Citrus","Florida","12017",9,0
"407",2020-03-23,"Clay","Florida","12019",8,2
"408",2020-03-23,"Collier","Florida","12021",39,0
"409",2020-03-23,"Columbia","Florida","12023",2,0
"410",2020-03-23,"DeSoto","Florida","12027",1,0
"411",2020-03-23,"Duval","Florida","12031",50,3
"412",2020-03-23,"Escambia","Florida","12033",9,0
"413",2020-03-23,"Flagler","Florida","12035",3,0
"414",2020-03-23,"Hernando","Florida","12053",5,0
"415",2020-03-23,"Highlands","Florida","12055",2,0
"416",2020-03-23,"Hillsborough","Florida","12057",75,0
"417",2020-03-23,"Indian River","Florida","12061",10,0
"418",2020-03-23,"Jackson","Florida","12063",1,0
"419",2020-03-23,"Lake","Florida","12069",9,0
"420",2020-03-23,"Lee","Florida","12071",30,2
"421",2020-03-23,"Leon","Florida","12073",5,0
"422",2020-03-23,"Manatee","Florida","12081",15,1
"423",2020-03-23,"Marion","Florida","12083",4,0
"424",2020-03-23,"Martin","Florida","12085",4,0
"425",2020-03-23,"Miami-Dade","Florida","12086",277,0
"426",2020-03-23,"Monroe","Florida","12087",2,0
"427",2020-03-23,"Nassau","Florida","12089",1,0
"428",2020-03-23,"Okaloosa","Florida","12091",13,0
"429",2020-03-23,"Orange","Florida","12095",47,1
"430",2020-03-23,"Osceola","Florida","12097",25,0
"431",2020-03-23,"Palm Beach","Florida","12099",88,3
"432",2020-03-23,"Pasco","Florida","12101",14,1
"433",2020-03-23,"Pinellas","Florida","12103",41,0
"434",2020-03-23,"Polk","Florida","12105",13,0
"435",2020-03-23,"Putnam","Florida","12107",2,0
"436",2020-03-23,"Santa Rosa","Florida","12113",4,1
"437",2020-03-23,"Sarasota","Florida","12115",21,0
"438",2020-03-23,"Seminole","Florida","12117",22,0
"439",2020-03-23,"St. Johns","Florida","12109",18,1
"440",2020-03-23,"St. Lucie","Florida","12111",5,0
"441",2020-03-23,"Sumter","Florida","12119",8,0
"442",2020-03-23,"Volusia","Florida","12127",16,0
"443",2020-03-23,"Walton","Florida","12131",9,0
"444",2020-03-24,"Alachua","Florida","12001",37,0
"445",2020-03-24,"Baker","Florida","12003",4,0
"446",2020-03-24,"Bay","Florida","12005",1,0
"447",2020-03-24,"Bradford","Florida","12007",1,0
"448",2020-03-24,"Brevard","Florida","12009",9,0
"449",2020-03-24,"Broward","Florida","12011",312,3
"450",2020-03-24,"Charlotte","Florida","12015",3,0
"451",2020-03-24,"Citrus","Florida","12017",9,0
"452",2020-03-24,"Clay","Florida","12019",10,2
"453",2020-03-24,"Collier","Florida","12021",41,0
"454",2020-03-24,"Columbia","Florida","12023",3,0
"455",2020-03-24,"DeSoto","Florida","12027",1,0
"456",2020-03-24,"Duval","Florida","12031",50,3
"457",2020-03-24,"Escambia","Florida","12033",13,0
"458",2020-03-24,"Flagler","Florida","12035",4,0
"459",2020-03-24,"Hernando","Florida","12053",7,0
"460",2020-03-24,"Highlands","Florida","12055",4,0
"461",2020-03-24,"Hillsborough","Florida","12057",95,0
"462",2020-03-24,"Indian River","Florida","12061",12,0
"463",2020-03-24,"Jackson","Florida","12063",1,0
"464",2020-03-24,"Lake","Florida","12069",14,0
"465",2020-03-24,"Lee","Florida","12071",34,3
"466",2020-03-24,"Leon","Florida","12073",6,0
"467",2020-03-24,"Manatee","Florida","12081",16,1
"468",2020-03-24,"Marion","Florida","12083",4,0
"469",2020-03-24,"Martin","Florida","12085",4,0
"470",2020-03-24,"Miami-Dade","Florida","12086",365,0
"471",2020-03-24,"Monroe","Florida","12087",3,0
"472",2020-03-24,"Nassau","Florida","12089",1,0
"473",2020-03-24,"Okaloosa","Florida","12091",13,0
"474",2020-03-24,"Orange","Florida","12095",50,1
"475",2020-03-24,"Osceola","Florida","12097",26,0
"476",2020-03-24,"Palm Beach","Florida","12099",102,3
"477",2020-03-24,"Pasco","Florida","12101",16,1
"478",2020-03-24,"Pinellas","Florida","12103",45,1
"479",2020-03-24,"Polk","Florida","12105",13,0
"480",2020-03-24,"Putnam","Florida","12107",2,0
"481",2020-03-24,"Santa Rosa","Florida","12113",6,1
"482",2020-03-24,"Sarasota","Florida","12115",26,0
"483",2020-03-24,"Seminole","Florida","12117",25,0
"484",2020-03-24,"St. Johns","Florida","12109",24,1
"485",2020-03-24,"St. Lucie","Florida","12111",6,0
"486",2020-03-24,"Sumter","Florida","12119",10,0
"487",2020-03-24,"Volusia","Florida","12127",19,0
"488",2020-03-24,"Walton","Florida","12131",10,0
"489",2020-03-25,"Alachua","Florida","12001",46,0
"490",2020-03-25,"Baker","Florida","12003",5,0
"491",2020-03-25,"Bay","Florida","12005",3,0
"492",2020-03-25,"Bradford","Florida","12007",1,0
"493",2020-03-25,"Brevard","Florida","12009",12,0
"494",2020-03-25,"Broward","Florida","12011",412,3
"495",2020-03-25,"Charlotte","Florida","12015",3,0
"496",2020-03-25,"Citrus","Florida","12017",9,1
"497",2020-03-25,"Clay","Florida","12019",16,2
"498",2020-03-25,"Collier","Florida","12021",57,0
"499",2020-03-25,"Columbia","Florida","12023",3,0
"500",2020-03-25,"DeSoto","Florida","12027",4,0
"501",2020-03-25,"Duval","Florida","12031",60,3
"502",2020-03-25,"Escambia","Florida","12033",17,0
"503",2020-03-25,"Flagler","Florida","12035",6,0
"504",2020-03-25,"Gadsden","Florida","12039",1,0
"505",2020-03-25,"Hernando","Florida","12053",8,0
"506",2020-03-25,"Highlands","Florida","12055",5,0
"507",2020-03-25,"Hillsborough","Florida","12057",123,0
"508",2020-03-25,"Indian River","Florida","12061",12,0
"509",2020-03-25,"Jackson","Florida","12063",1,0
"510",2020-03-25,"Lake","Florida","12069",22,0
"511",2020-03-25,"Lee","Florida","12071",52,3
"512",2020-03-25,"Leon","Florida","12073",7,0
"513",2020-03-25,"Manatee","Florida","12081",26,1
"514",2020-03-25,"Marion","Florida","12083",5,0
"515",2020-03-25,"Martin","Florida","12085",7,0
"516",2020-03-25,"Miami-Dade","Florida","12086",489,0
"517",2020-03-25,"Monroe","Florida","12087",11,0
"518",2020-03-25,"Nassau","Florida","12089",4,0
"519",2020-03-25,"Okaloosa","Florida","12091",18,0
"520",2020-03-25,"Orange","Florida","12095",87,2
"521",2020-03-25,"Osceola","Florida","12097",39,0
"522",2020-03-25,"Palm Beach","Florida","12099",139,3
"523",2020-03-25,"Pasco","Florida","12101",18,1
"524",2020-03-25,"Pinellas","Florida","12103",54,1
"525",2020-03-25,"Polk","Florida","12105",15,0
"526",2020-03-25,"Putnam","Florida","12107",5,0
"527",2020-03-25,"Santa Rosa","Florida","12113",8,1
"528",2020-03-25,"Sarasota","Florida","12115",32,1
"529",2020-03-25,"Seminole","Florida","12117",32,0
"530",2020-03-25,"St. Johns","Florida","12109",28,1
"531",2020-03-25,"St. Lucie","Florida","12111",9,0
"532",2020-03-25,"Sumter","Florida","12119",18,0
"533",2020-03-25,"Volusia","Florida","12127",28,0
"534",2020-03-25,"Walton","Florida","12131",13,0
"535",2020-03-26,"Alachua","Florida","12001",53,0
"536",2020-03-26,"Baker","Florida","12003",5,0
"537",2020-03-26,"Bay","Florida","12005",3,0
"538",2020-03-26,"Bradford","Florida","12007",1,0
"539",2020-03-26,"Brevard","Florida","12009",14,0
"540",2020-03-26,"Broward","Florida","12011",505,3
"541",2020-03-26,"Charlotte","Florida","12015",4,0
"542",2020-03-26,"Citrus","Florida","12017",11,1
"543",2020-03-26,"Clay","Florida","12019",20,4
"544",2020-03-26,"Collier","Florida","12021",67,0
"545",2020-03-26,"Columbia","Florida","12023",3,0
"546",2020-03-26,"DeSoto","Florida","12027",5,0
"547",2020-03-26,"Duval","Florida","12031",82,3
"548",2020-03-26,"Escambia","Florida","12033",20,0
"549",2020-03-26,"Flagler","Florida","12035",8,0
"550",2020-03-26,"Gadsden","Florida","12039",1,0
"551",2020-03-26,"Hernando","Florida","12053",9,0
"552",2020-03-26,"Highlands","Florida","12055",5,1
"553",2020-03-26,"Hillsborough","Florida","12057",151,1
"554",2020-03-26,"Indian River","Florida","12061",14,0
"555",2020-03-26,"Jackson","Florida","12063",1,0
"556",2020-03-26,"Lake","Florida","12069",26,0
"557",2020-03-26,"Lee","Florida","12071",66,3
"558",2020-03-26,"Leon","Florida","12073",12,0
"559",2020-03-26,"Manatee","Florida","12081",25,1
"560",2020-03-26,"Marion","Florida","12083",5,0
"561",2020-03-26,"Martin","Florida","12085",11,0
"562",2020-03-26,"Miami-Dade","Florida","12086",653,0
"563",2020-03-26,"Monroe","Florida","12087",14,0
"564",2020-03-26,"Nassau","Florida","12089",5,0
"565",2020-03-26,"Okaloosa","Florida","12091",21,0
"566",2020-03-26,"Orange","Florida","12095",118,3
"567",2020-03-26,"Osceola","Florida","12097",45,0
"568",2020-03-26,"Palm Beach","Florida","12099",172,3
"569",2020-03-26,"Pasco","Florida","12101",21,1
"570",2020-03-26,"Pinellas","Florida","12103",65,1
"571",2020-03-26,"Polk","Florida","12105",20,0
"572",2020-03-26,"Putnam","Florida","12107",12,0
"573",2020-03-26,"Santa Rosa","Florida","12113",12,1
"574",2020-03-26,"Sarasota","Florida","12115",34,2
"575",2020-03-26,"Seminole","Florida","12117",40,0
"576",2020-03-26,"St. Johns","Florida","12109",36,1
"577",2020-03-26,"St. Lucie","Florida","12111",11,0
"578",2020-03-26,"Sumter","Florida","12119",24,0
"579",2020-03-26,"Volusia","Florida","12127",34,0
"580",2020-03-26,"Walton","Florida","12131",13,0
"581",2020-03-26,"Washington","Florida","12133",1,0
"582",2020-03-27,"Alachua","Florida","12001",60,0
"583",2020-03-27,"Baker","Florida","12003",7,0
"584",2020-03-27,"Bay","Florida","12005",4,0
"585",2020-03-27,"Bradford","Florida","12007",1,0
"586",2020-03-27,"Brevard","Florida","12009",20,0
"587",2020-03-27,"Broward","Florida","12011",631,10
"588",2020-03-27,"Charlotte","Florida","12015",8,0
"589",2020-03-27,"Citrus","Florida","12017",11,1
"590",2020-03-27,"Clay","Florida","12019",22,4
"591",2020-03-27,"Collier","Florida","12021",85,0
"592",2020-03-27,"Columbia","Florida","12023",3,0
"593",2020-03-27,"DeSoto","Florida","12027",6,0
"594",2020-03-27,"Duval","Florida","12031",99,3
"595",2020-03-27,"Escambia","Florida","12033",28,0
"596",2020-03-27,"Flagler","Florida","12035",12,0
"597",2020-03-27,"Gadsden","Florida","12039",1,0
"598",2020-03-27,"Hernando","Florida","12053",12,0
"599",2020-03-27,"Highlands","Florida","12055",6,1
"600",2020-03-27,"Hillsborough","Florida","12057",174,2
"601",2020-03-27,"Indian River","Florida","12061",15,0
"602",2020-03-27,"Jackson","Florida","12063",1,0
"603",2020-03-27,"Lake","Florida","12069",32,0
"604",2020-03-27,"Lee","Florida","12071",95,5
"605",2020-03-27,"Leon","Florida","12073",15,0
"606",2020-03-27,"Levy","Florida","12075",1,0
"607",2020-03-27,"Manatee","Florida","12081",29,1
"608",2020-03-27,"Marion","Florida","12083",9,0
"609",2020-03-27,"Martin","Florida","12085",17,0
"610",2020-03-27,"Miami-Dade","Florida","12086",869,2
"611",2020-03-27,"Monroe","Florida","12087",19,0
"612",2020-03-27,"Nassau","Florida","12089",6,0
"613",2020-03-27,"Okaloosa","Florida","12091",25,0
"614",2020-03-27,"Orange","Florida","12095",174,4
"615",2020-03-27,"Osceola","Florida","12097",56,0
"616",2020-03-27,"Palm Beach","Florida","12099",241,5
"617",2020-03-27,"Pasco","Florida","12101",25,1
"618",2020-03-27,"Pinellas","Florida","12103",82,1
"619",2020-03-27,"Polk","Florida","12105",28,0
"620",2020-03-27,"Putnam","Florida","12107",12,0
"621",2020-03-27,"Santa Rosa","Florida","12113",13,1
"622",2020-03-27,"Sarasota","Florida","12115",43,2
"623",2020-03-27,"Seminole","Florida","12117",54,0
"624",2020-03-27,"St. Johns","Florida","12109",42,2
"625",2020-03-27,"St. Lucie","Florida","12111",17,1
"626",2020-03-27,"Sumter","Florida","12119",29,0
"627",2020-03-27,"Suwannee","Florida","12121",1,0
"628",2020-03-27,"Volusia","Florida","12127",43,0
"629",2020-03-27,"Walton","Florida","12131",14,0
"630",2020-03-27,"Washington","Florida","12133",1,0
"631",2020-03-28,"Alachua","Florida","12001",68,0
"632",2020-03-28,"Baker","Florida","12003",7,0
"633",2020-03-28,"Bay","Florida","12005",5,0
"634",2020-03-28,"Bradford","Florida","12007",1,0
"635",2020-03-28,"Brevard","Florida","12009",27,0
"636",2020-03-28,"Broward","Florida","12011",820,11
"637",2020-03-28,"Charlotte","Florida","12015",16,0
"638",2020-03-28,"Citrus","Florida","12017",15,1
"639",2020-03-28,"Clay","Florida","12019",26,4
"640",2020-03-28,"Collier","Florida","12021",95,0
"641",2020-03-28,"Columbia","Florida","12023",3,0
"642",2020-03-28,"DeSoto","Florida","12027",7,0
"643",2020-03-28,"Duval","Florida","12031",120,3
"644",2020-03-28,"Escambia","Florida","12033",28,0
"645",2020-03-28,"Flagler","Florida","12035",13,0
"646",2020-03-28,"Gadsden","Florida","12039",1,0
"647",2020-03-28,"Hendry","Florida","12051",1,0
"648",2020-03-28,"Hernando","Florida","12053",14,0
"649",2020-03-28,"Highlands","Florida","12055",10,1
"650",2020-03-28,"Hillsborough","Florida","12057",206,2
"651",2020-03-28,"Indian River","Florida","12061",16,0
"652",2020-03-28,"Jackson","Florida","12063",1,0
"653",2020-03-28,"Lake","Florida","12069",38,0
"654",2020-03-28,"Lee","Florida","12071",119,6
"655",2020-03-28,"Leon","Florida","12073",17,0
"656",2020-03-28,"Levy","Florida","12075",1,0
"657",2020-03-28,"Manatee","Florida","12081",32,1
"658",2020-03-28,"Marion","Florida","12083",18,0
"659",2020-03-28,"Martin","Florida","12085",26,0
"660",2020-03-28,"Miami-Dade","Florida","12086",1121,3
"661",2020-03-28,"Monroe","Florida","12087",22,0
"662",2020-03-28,"Nassau","Florida","12089",7,0
"663",2020-03-28,"Okaloosa","Florida","12091",31,0
"664",2020-03-28,"Orange","Florida","12095",213,4
"665",2020-03-28,"Osceola","Florida","12097",74,0
"666",2020-03-28,"Palm Beach","Florida","12099",318,6
"667",2020-03-28,"Pasco","Florida","12101",34,2
"668",2020-03-28,"Pinellas","Florida","12103",111,4
"669",2020-03-28,"Polk","Florida","12105",37,0
"670",2020-03-28,"Putnam","Florida","12107",12,0
"671",2020-03-28,"Santa Rosa","Florida","12113",16,1
"672",2020-03-28,"Sarasota","Florida","12115",50,2
"673",2020-03-28,"Seminole","Florida","12117",68,0
"674",2020-03-28,"St. Johns","Florida","12109",50,2
"675",2020-03-28,"St. Lucie","Florida","12111",22,2
"676",2020-03-28,"Sumter","Florida","12119",40,0
"677",2020-03-28,"Suwannee","Florida","12121",1,0
"678",2020-03-28,"Volusia","Florida","12127",44,1
"679",2020-03-28,"Walton","Florida","12131",15,0
"680",2020-03-28,"Washington","Florida","12133",1,0
"681",2020-03-29,"Alachua","Florida","12001",72,0
"682",2020-03-29,"Baker","Florida","12003",8,0
"683",2020-03-29,"Bay","Florida","12005",6,0
"684",2020-03-29,"Bradford","Florida","12007",2,0
"685",2020-03-29,"Brevard","Florida","12009",30,0
"686",2020-03-29,"Broward","Florida","12011",1012,11
"687",2020-03-29,"Charlotte","Florida","12015",16,0
"688",2020-03-29,"Citrus","Florida","12017",16,1
"689",2020-03-29,"Clay","Florida","12019",35,4
"690",2020-03-29,"Collier","Florida","12021",111,1
"691",2020-03-29,"Columbia","Florida","12023",3,0
"692",2020-03-29,"DeSoto","Florida","12027",7,0
"693",2020-03-29,"Duval","Florida","12031",142,3
"694",2020-03-29,"Escambia","Florida","12033",37,0
"695",2020-03-29,"Flagler","Florida","12035",13,0
"696",2020-03-29,"Gadsden","Florida","12039",1,0
"697",2020-03-29,"Glades","Florida","12043",1,0
"698",2020-03-29,"Hendry","Florida","12051",2,0
"699",2020-03-29,"Hernando","Florida","12053",20,0
"700",2020-03-29,"Highlands","Florida","12055",12,1
"701",2020-03-29,"Hillsborough","Florida","12057",225,2
"702",2020-03-29,"Indian River","Florida","12061",20,0
"703",2020-03-29,"Jackson","Florida","12063",2,0
"704",2020-03-29,"Lake","Florida","12069",44,0
"705",2020-03-29,"Lee","Florida","12071",151,6
"706",2020-03-29,"Leon","Florida","12073",16,0
"707",2020-03-29,"Levy","Florida","12075",2,0
"708",2020-03-29,"Manatee","Florida","12081",38,1
"709",2020-03-29,"Marion","Florida","12083",22,0
"710",2020-03-29,"Martin","Florida","12085",27,0
"711",2020-03-29,"Miami-Dade","Florida","12086",1471,3
"712",2020-03-29,"Monroe","Florida","12087",23,0
"713",2020-03-29,"Nassau","Florida","12089",8,0
"714",2020-03-29,"Okaloosa","Florida","12091",31,0
"715",2020-03-29,"Orange","Florida","12095",267,4
"716",2020-03-29,"Osceola","Florida","12097",89,0
"717",2020-03-29,"Palm Beach","Florida","12099",382,7
"718",2020-03-29,"Pasco","Florida","12101",35,2
"719",2020-03-29,"Pinellas","Florida","12103",116,5
"720",2020-03-29,"Polk","Florida","12105",46,0
"721",2020-03-29,"Putnam","Florida","12107",12,0
"722",2020-03-29,"Santa Rosa","Florida","12113",21,2
"723",2020-03-29,"Sarasota","Florida","12115",61,2
"724",2020-03-29,"Seminole","Florida","12117",81,0
"725",2020-03-29,"St. Johns","Florida","12109",59,2
"726",2020-03-29,"St. Lucie","Florida","12111",24,2
"727",2020-03-29,"Sumter","Florida","12119",45,0
"728",2020-03-29,"Suwannee","Florida","12121",2,0
"729",2020-03-29,"Volusia","Florida","12127",60,1
"730",2020-03-29,"Wakulla","Florida","12129",1,0
"731",2020-03-29,"Walton","Florida","12131",15,0
"732",2020-03-29,"Washington","Florida","12133",1,0
"733",2020-03-30,"Alachua","Florida","12001",80,0
"734",2020-03-30,"Baker","Florida","12003",8,0
"735",2020-03-30,"Bay","Florida","12005",6,0
"736",2020-03-30,"Bradford","Florida","12007",2,0
"737",2020-03-30,"Brevard","Florida","12009",32,0
"738",2020-03-30,"Broward","Florida","12011",1137,12
"739",2020-03-30,"Charlotte","Florida","12015",20,0
"740",2020-03-30,"Citrus","Florida","12017",17,2
"741",2020-03-30,"Clay","Florida","12019",34,5
"742",2020-03-30,"Collier","Florida","12021",127,1
"743",2020-03-30,"Columbia","Florida","12023",3,0
"744",2020-03-30,"DeSoto","Florida","12027",7,2
"745",2020-03-30,"Duval","Florida","12031",163,4
"746",2020-03-30,"Escambia","Florida","12033",81,0
"747",2020-03-30,"Flagler","Florida","12035",15,0
"748",2020-03-30,"Gadsden","Florida","12039",1,0
"749",2020-03-30,"Glades","Florida","12043",3,0
"750",2020-03-30,"Hendry","Florida","12051",3,0
"751",2020-03-30,"Hernando","Florida","12053",21,0
"752",2020-03-30,"Highlands","Florida","12055",14,1
"753",2020-03-30,"Hillsborough","Florida","12057",272,2
"754",2020-03-30,"Holmes","Florida","12059",1,0
"755",2020-03-30,"Indian River","Florida","12061",25,0
"756",2020-03-30,"Jackson","Florida","12063",2,0
"757",2020-03-30,"Lake","Florida","12069",50,0
"758",2020-03-30,"Lee","Florida","12071",170,6
"759",2020-03-30,"Leon","Florida","12073",21,0
"760",2020-03-30,"Levy","Florida","12075",2,0
"761",2020-03-30,"Manatee","Florida","12081",42,1
"762",2020-03-30,"Marion","Florida","12083",23,0
"763",2020-03-30,"Martin","Florida","12085",27,0
"764",2020-03-30,"Miami-Dade","Florida","12086",1700,4
"765",2020-03-30,"Monroe","Florida","12087",26,0
"766",2020-03-30,"Nassau","Florida","12089",7,0
"767",2020-03-30,"Okaloosa","Florida","12091",35,1
"768",2020-03-30,"Orange","Florida","12095",299,4
"769",2020-03-30,"Osceola","Florida","12097",94,1
"770",2020-03-30,"Palm Beach","Florida","12099",462,10
"771",2020-03-30,"Pasco","Florida","12101",38,2
"772",2020-03-30,"Pinellas","Florida","12103",129,5
"773",2020-03-30,"Polk","Florida","12105",63,0
"774",2020-03-30,"Putnam","Florida","12107",13,0
"775",2020-03-30,"Santa Rosa","Florida","12113",36,2
"776",2020-03-30,"Sarasota","Florida","12115",67,2
"777",2020-03-30,"Seminole","Florida","12117",88,0
"778",2020-03-30,"St. Johns","Florida","12109",61,2
"779",2020-03-30,"St. Lucie","Florida","12111",31,2
"780",2020-03-30,"Sumter","Florida","12119",47,0
"781",2020-03-30,"Suwannee","Florida","12121",3,0
"782",2020-03-30,"Volusia","Florida","12127",69,1
"783",2020-03-30,"Wakulla","Florida","12129",1,0
"784",2020-03-30,"Walton","Florida","12131",16,0
"785",2020-03-30,"Washington","Florida","12133",1,0
"786",2020-03-31,"Alachua","Florida","12001",87,0
"787",2020-03-31,"Baker","Florida","12003",9,0
"788",2020-03-31,"Bay","Florida","12005",8,0
"789",2020-03-31,"Bradford","Florida","12007",2,0
"790",2020-03-31,"Brevard","Florida","12009",37,0
"791",2020-03-31,"Broward","Florida","12011",1219,12
"792",2020-03-31,"Calhoun","Florida","12013",1,0
"793",2020-03-31,"Charlotte","Florida","12015",24,0
"794",2020-03-31,"Citrus","Florida","12017",19,2
"795",2020-03-31,"Clay","Florida","12019",41,5
"796",2020-03-31,"Collier","Florida","12021",146,1
"797",2020-03-31,"Columbia","Florida","12023",3,0
"798",2020-03-31,"DeSoto","Florida","12027",7,1
"799",2020-03-31,"Duval","Florida","12031",207,4
"800",2020-03-31,"Escambia","Florida","12033",94,0
"801",2020-03-31,"Flagler","Florida","12035",18,0
"802",2020-03-31,"Gadsden","Florida","12039",1,0
"803",2020-03-31,"Glades","Florida","12043",3,1
"804",2020-03-31,"Hendry","Florida","12051",4,0
"805",2020-03-31,"Hernando","Florida","12053",24,0
"806",2020-03-31,"Highlands","Florida","12055",17,1
"807",2020-03-31,"Hillsborough","Florida","12057",305,3
"808",2020-03-31,"Holmes","Florida","12059",1,0
"809",2020-03-31,"Indian River","Florida","12061",33,0
"810",2020-03-31,"Jackson","Florida","12063",2,0
"811",2020-03-31,"Lake","Florida","12069",66,0
"812",2020-03-31,"Lee","Florida","12071",206,8
"813",2020-03-31,"Leon","Florida","12073",26,0
"814",2020-03-31,"Levy","Florida","12075",2,0
"815",2020-03-31,"Manatee","Florida","12081",53,2
"816",2020-03-31,"Marion","Florida","12083",28,0
"817",2020-03-31,"Martin","Florida","12085",28,0
"818",2020-03-31,"Miami-Dade","Florida","12086",2123,7
"819",2020-03-31,"Monroe","Florida","12087",27,0
"820",2020-03-31,"Nassau","Florida","12089",10,0
"821",2020-03-31,"Okaloosa","Florida","12091",39,1
"822",2020-03-31,"Orange","Florida","12095",373,4
"823",2020-03-31,"Osceola","Florida","12097",110,1
"824",2020-03-31,"Palm Beach","Florida","12099",551,14
"825",2020-03-31,"Pasco","Florida","12101",40,2
"826",2020-03-31,"Pinellas","Florida","12103",167,5
"827",2020-03-31,"Polk","Florida","12105",73,1
"828",2020-03-31,"Putnam","Florida","12107",13,0
"829",2020-03-31,"Santa Rosa","Florida","12113",44,2
"830",2020-03-31,"Sarasota","Florida","12115",76,3
"831",2020-03-31,"Seminole","Florida","12117",103,0
"832",2020-03-31,"St. Johns","Florida","12109",79,2
"833",2020-03-31,"St. Lucie","Florida","12111",38,2
"834",2020-03-31,"Sumter","Florida","12119",51,0
"835",2020-03-31,"Suwannee","Florida","12121",3,0
"836",2020-03-31,"Union","Florida","12125",1,0
"837",2020-03-31,"Volusia","Florida","12127",80,1
"838",2020-03-31,"Wakulla","Florida","12129",1,0
"839",2020-03-31,"Walton","Florida","12131",18,0
"840",2020-03-31,"Washington","Florida","12133",1,0
